Address,Property URL,City,Lot Size (AC),Price,Property Type,
815 Inca St,https://www.loopnet.com/Listing/815-Inca-St-Denver-CO/39390414/,"Denver, CO 80204",0.08," $674,900.00 ",Commercial Lot,
4228 Josephine St,https://www.loopnet.com/Listing/4228-Josephine-St-Denver-CO/35675444/,"Denver, CO 80216",0.1," $400,000.00 ",Industrial Lot,
3455 Larimer St,https://www.loopnet.com/Listing/3455-3459-Larimer-St-Denver-CO/39385010/,"Denver, CO 80205",0.14," $1,150,000.00 ",Commercial Lot,
2544 11th Ave,https://www.loopnet.com/Listing/2544-11th-Ave-Greeley-CO/35100267/,"Greeley, CO 80631",0.15," $350,000.00 ",Commercial Lot,
833 S Monaco Pky,https://www.loopnet.com/Listing/833-S-Monaco-Pky-Denver-CO/38313187/,"Denver, CO 80224",0.16," $799,000.00 ",Commercial Lot,
E 4th Ave & Billings St,https://www.loopnet.com/Listing/E-4th-Ave-Billings-St-Aurora-CO/33156507/,"Aurora, CO 80011",0.17," $692,699.27 ",Commercial Lot,
1339 Sheridan Blvd,https://www.loopnet.com/Listing/1339-Sheridan-Blvd-Lakewood-CO/29629654/,"Lakewood, CO 80214",0.18," $299,999.00 ",Commercial Lot,
831 N Clarkson St,https://www.loopnet.com/Listing/831-N-Clarkson-St-Denver-CO/38142797/,"Denver, CO 80218",0.18," $899,000.00 ",Commercial Lot,
1000 Sheridan Blvd,https://www.loopnet.com/Listing/1000-Sheridan-Blvd-Denver-CO/28327481/,"Denver, CO 80204",0.19," $1,600,000.00 ",Commercial Lot,
2292 S Delaware St,https://www.loopnet.com/Listing/2292-S-Delaware-St-Denver-CO/35492964/,"Denver, CO 80223",0.21," $950,000.00 ",Commercial Lot,
10 Weber St,https://www.loopnet.com/Listing/10-Weber-St-Colorado-Springs-CO/35200220/,"Colorado Springs, CO 80903",0.22," $500,000.00 ",Commercial Lot,
12295 Pennsylvania St,https://www.loopnet.com/Listing/12295-Pennsylvania-St-Thornton-CO/32836317/,"Thornton, CO 80241",0.23," $325,000.00 ",Commercial Lot,
422 Perry St,https://www.loopnet.com/Listing/422-Perry-St-Castle-Rock-CO/38421711/,"Castle Rock, CO 80104",0.24," $605,821.24 ",Commercial Lot,
502 Front Street,https://www.loopnet.com/Listing/502-Front-Street-Castle-Rock-CO/35496132/,"Castle Rock, CO 80104",0.27," $995,000.00 ",Commercial Lot,
1712 N Pearl St,https://www.loopnet.com/Listing/1712-N-Pearl-St-Denver-CO/36376981/,"Denver, CO 80203",0.28," $1,280,000.00 ",Commercial Lot,
2070 W Evans Ave,https://www.loopnet.com/Listing/2070-W-Evans-Ave-Englewood-CO/38267472/,"Englewood, CO 80110",0.29," $1,300,000.00 ",Commercial Lot,
1400 W Bayaud Ave,https://www.loopnet.com/Listing/1400-1404-W-Bayaud-Ave-Denver-CO/38199612/,"Denver, CO 80223",0.3," $595,000.00 ",Commercial Lot,
1319 Sheridan Blvd,https://www.loopnet.com/Listing/1319-1327-Sheridan-Blvd-Lakewood-CO/38343110/,"Lakewood, CO 80214",0.3," $999,998.00 ",Commercial Lot,
239 S Main St,https://www.loopnet.com/Listing/239-S-Main-St-Brighton-CO/27424620/,"Brighton, CO 80601",0.31," $250,000.00 ",Commercial Lot,
833 Main St,https://www.loopnet.com/Listing/833-Main-St-Louisville-CO/39763354/,"Louisville, CO 80027",0.31," $1,450,000.00 ",Commercial Lot,
606 W Colfax Ave,https://www.loopnet.com/Listing/606-W-Colfax-Ave-Denver-CO/26992476/,"Denver, CO 80204",0.31," $1,475,000.00 ",Commercial Lot,
1177 N Grant St,https://www.loopnet.com/Listing/1177-N-Grant-St-Denver-CO/39341789/,"Denver, CO 80203",0.31," $2,593,000.00 ",Commercial Lot,
20th & Blake St,https://www.loopnet.com/Listing/20th-Blake-St-Land-Denver-CO/26158810/,"Denver, CO 80205",0.32," $1,320,000.00 ",Commercial Lot,
8905 E Colfax Ave,https://www.loopnet.com/Listing/8905-E-Colfax-Ave-Aurora-CO/32567100/,"Aurora, CO 80010",0.33," $845,000.00 ",Commercial Lot,
3690 W 38th Ave,https://www.loopnet.com/Listing/3690-W-38th-Ave-Denver-CO/39548693/,"Denver, CO 80211",0.33," $2,050,000.00 ",Commercial Lot,
19640 E Mainstreet,https://www.loopnet.com/Listing/19640-E-Mainstreet-Parker-CO/31023349/,"Parker, CO 80138",0.34," $670,583.84 ",Commercial Lot,
1164 Kalamath St,https://www.loopnet.com/Listing/1164-1180-Kalamath-St-Denver-CO/24232678/,"Denver, CO 80204",0.34," $1,725,000.00 ",Commercial Lot,
1391 Ames St,https://www.loopnet.com/Listing/1391-Ames-St-Lakewood-CO/39508021/,"Lakewood, CO 80214",0.35," $975,000.00 ",Commercial Lot,
1801 E Colfax Ave,https://www.loopnet.com/Listing/1801-E-Colfax-Ave-Denver-CO/34937755/,"Denver, CO 80218",0.36," $2,400,000.00 ",Commercial Lot,
1425 W 13th Ave,https://www.loopnet.com/Listing/1425-W-13th-Ave-Denver-CO/39545028/,"Denver, CO 80204",0.41," $2,100,000.00 ",Commercial Lot,
2960 W Bates Ave,https://www.loopnet.com/Listing/2960-W-Bates-Ave-Denver-CO/31431556/,"Denver, CO 80236",0.43," $1,000,000.00 ",Commercial Lot,
3866 S Broadway,https://www.loopnet.com/Listing/3866-3880-S-Broadway-Englewood-CO/39621856/,"Englewood, CO 80113",0.43," $2,100,000.00 ",Commercial Lot,
3134 Walnut St,https://www.loopnet.com/Listing/3134-Walnut-St-Denver-CO/37511291/,"Denver, CO 80205",0.43," $3,950,000.00 ",Commercial Lot,
342 University Blvd,https://www.loopnet.com/Listing/342-358-University-Blvd-Denver-CO/30119471/,"Denver, CO 80206",0.43," $6,750,000.00 ",Commercial Lot,
3421 S Federal Blvd,https://www.loopnet.com/Listing/3421-S-Federal-Blvd-Englewood-CO/28310484/,"Englewood, CO 80110",0.44," $665,000.00 ",Commercial Lot,
2300 W County Road 54G,https://www.loopnet.com/Listing/2300-W-County-Road-54G-Laporte-CO/33671750/,"Laporte, CO 80535",0.46," $330,000.00 ",Commercial Lot,
6501 W 91st Ave,https://www.loopnet.com/Listing/6501-W-91st-Ave-Westminster-CO/32261103/,"Westminster, CO 80031",0.49," $599,000.00 ",Commercial Lot,
15854 Jackson Creek Pky,https://www.loopnet.com/Listing/15854-16086-Jackson-Creek-Pky-Monument-CO/24968656/,"Monument, CO 80132",0.49," $767,727.74 ",Commercial Lots,
6683 Crossroads Blvd,https://www.loopnet.com/Listing/6683-Crossroads-Blvd-Windsor-CO/21654107/,"Windsor, CO 80550",0.5," $774,204.00 ",Commercial Lots,
5290 Balsam St,https://www.loopnet.com/Listing/5290-Balsam-St-Arvada-CO/38996376/,"Arvada, CO 80002",0.55," $899,000.00 ",Commercial Lot,
1350 S Sheridan Blvd,https://www.loopnet.com/Listing/1350-S-Sheridan-Blvd-Denver-CO/37998105/,"Denver, CO 80232",0.55," $1,550,000.00 ",Commercial Lot,
Chambers & E-470 Retail,https://www.loopnet.com/Listing/Chambers-E-470-Retail-Parker-CO/16914574/,"Parker, CO 80134",0.58," $826,014.08 ",Commercial Lots,
4310 N Delaware St,https://www.loopnet.com/Listing/4310-4328-N-Delaware-St-Denver-CO/39046175/,"Denver, CO 80216",0.58," $1,580,000.00 ",Industrial Lot,
8507 Reed st,https://www.loopnet.com/Listing/8507-Reed-st-Littleton-CO/39673424/,"Littleton, CO 80128",0.59," $599,999.00 ",Commercial Lot,
2099 S Oak St,https://www.loopnet.com/Listing/2099-S-Oak-St-Lakewood-CO/28271460/,"Lakewood, CO 80227",0.61," $800,000.00 ",Commercial Lot,
16086 Jackson Creek Pkwy,https://www.loopnet.com/Listing/Jackson-Creek-Pkwy-Monument-CO/24920157/,"Monument, CO 80132",0.62," $851,919.12 ",Commercial Lots,
17160 W Colfax Ave,https://www.loopnet.com/Listing/17160-W-Colfax-Ave-Golden-CO/29520298/,"Golden, CO 80401",0.63," $500,000.00 ",Commercial Lot,
1560 N Academy Blvd,https://www.loopnet.com/Listing/1560-N-Academy-Blvd-Colorado-Springs-CO/3886433/,"Colorado Springs, CO 80909",0.64," $416,700.00 ",Commercial Lot,
3401 S Yosemite St,https://www.loopnet.com/Listing/3401-S-Yosemite-St-Denver-CO/39837277/,"Denver, CO 80231",0.64," $675,000.00 ",Commercial Lot,
4237 McWhinney Blvd,https://www.loopnet.com/Listing/4237-McWhinney-Blvd-Loveland-CO/23974785/,"Loveland, CO 80538",0.65," $871,347.90 ",Commercial Lots,
7300 W Jefferson Ave,https://www.loopnet.com/Listing/7300-W-Jefferson-Ave-Lakewood-CO/38419312/,"Lakewood, CO 80235",0.66," $379,999.00 ",Commercial Lot,
773 Pike St,https://www.loopnet.com/Listing/773-Pike-St-Golden-CO/32882041/,"Golden, CO 80401",0.66," $877,824.16 ",Commercial Lot,
Highway 34 Business & 83rd Avenue,https://www.loopnet.com/Listing/Highway-34-Business-83rd-Avenue-Greeley-CO/27017249/,"Greeley, CO 80634",0.66," $877,824.16 ",Commercial Lots,
9190 W 84th Ave,https://www.loopnet.com/Listing/9190-W-84th-Ave-Arvada-CO/38160305/,"Arvada, CO 80005",0.67," $499,000.00 ",Commercial Lot,
0 S 23rd,https://www.loopnet.com/Listing/0-S-23rd-Greeley-CO/30029228/,"Greeley, CO 80631",0.68," $890,776.68 ",Commercial Lot,
496 Laredo st,https://www.loopnet.com/Listing/496-Laredo-st-Aurora-CO/38708025/,"Aurora, CO 80011",0.7," $500,000.00 ",Commercial Lot,
Apex Drive,https://www.loopnet.com/Listing/Apex-Drive-Windsor-CO/33598205/,"Windsor, CO 80550",0.71," $554,940.00 ",Commercial Lots,
10431 Quari St,https://www.loopnet.com/Listing/10431-Quari-St-Commerce-City-CO/29119294/,"Commerce City, CO 80022",0.72," $270,000.00 ",Commercial Lot,
7585 W 32nd Ave,https://www.loopnet.com/Listing/7585-W-32nd-Ave-Wheat-Ridge-CO/17183115/,"Wheat Ridge, CO 80033",0.73," $636,000.00 ",Commercial Lot,
Voyager Pkwy,https://www.loopnet.com/Listing/Voyager-Pkwy-Colorado-Springs-CO/37916829/,"Colorado Springs, CO 80921",0.73," $923,157.98 ",Commercial Lots,
1020 Space Center Dr,https://www.loopnet.com/Listing/1020-Space-Center-Dr-Colorado-Springs-CO/34888531/,"Colorado Springs, CO 80915",0.74," $276,921.00 ",Commercial Lot,
NEC N Fairgrounds Ave,https://www.loopnet.com/Listing/NEC-N-Fairgrounds-Ave-Windsor-CO/29890025/,"Windsor, CO 80528",0.74," $483,449.00 ",Commercial Lots,
806 Denver Ave,https://www.loopnet.com/Listing/806-818-Denver-Ave-Fort-Lupton-CO/38359513/,"Fort Lupton, CO 80621",0.75," $550,000.00 ",Commercial Lot,
NEC & SEC Marksheffel Rd & Fontaine Blvd,https://www.loopnet.com/Listing/NEC-SEC-Marksheffel-Rd-Fontaine-Blvd-Colorado-Springs-CO/28030813/,"Colorado Springs, CO 80925",0.75," $936,110.50 ",Commercial Lots,
5830-5975 Tutt Center Pt,https://www.loopnet.com/Listing/5830-5975-Tutt-Center-Pt-Colorado-Springs-CO/37169828/,"Colorado Springs, CO 80923",0.76," $397,267.00 ",Commercial Lots,
15535 E 40th Ave,https://www.loopnet.com/Listing/15535-E-40th-Ave-Denver-CO/35141975/,"Denver, CO 80239",0.84," $875,000.00 ",Commercial Lot,
SEC County Line Rd. & Bonnell Ave,https://www.loopnet.com/Listing/SEC-County-Line-Rd-Bonnell-Ave-Erie-CO/39854081/,"Erie, CO 80516",0.85," $1,000,873.10 ",Commercial Lot,
2433 Champa St,https://www.loopnet.com/Listing/2433-Champa-St-Denver-CO/39507403/,"Denver, CO 80205",0.85," $5,500,000.00 ",Commercial Lot,
11958 Lincoln Ave,https://www.loopnet.com/Listing/Lincoln-Ave-Parker-CO/39741118/,"Parker, CO 80138",0.86," $495,000.00 ",Commercial Lot,
3529 W 4th St,https://www.loopnet.com/Listing/3529-W-4th-St-Greeley-CO/33222629/,"Greeley, CO 80634",0.86," $730,000.00 ",Commercial Lot,
Harmony Rd,https://www.loopnet.com/Listing/Harmony-Rd-Timnath-CO/21109276/,"Timnath, CO 80547",0.88," $689,895.00 ",Commercial Lots,
4175 E Iliff Ave,https://www.loopnet.com/Listing/4175-E-Iliff-Ave-Denver-CO/38440964/,"Denver, CO 80222",0.88," $1,880,000.00 ",Commercial Lot,
2505 Airport Rd,https://www.loopnet.com/Listing/2505-Airport-Rd-Colorado-Springs-CO/36938245/,"Colorado Springs, CO 80910",0.89," $449,500.00 ",Commercial Lot,
6401 Wadsworth Byp,https://www.loopnet.com/Listing/6401-Wadsworth-Byp-Arvada-CO/31048041/,"Arvada, CO 80003",0.89," $895,905.59 ",Commercial Lot,
6280 Benton Street,https://www.loopnet.com/Listing/6280-Benton-Street-Arvada-CO/35238536/,"Arvada, CO 80002",0.9," $898,727.90 ",Commercial Lot,
2351 Main St,https://www.loopnet.com/Listing/2351-Main-St-Longmont-CO/39601199/,"Longmont, CO 80501",0.92," $1,046,206.92 ",Commercial Lot,
16060 E 104th Ave,https://www.loopnet.com/Listing/16060-E-104th-Ave-Commerce-City-CO/39586489/,"Commerce City, CO 80022",0.93," $907,194.83 ",Commercial Lot,
Powers Blvd,https://www.loopnet.com/Listing/Powers-Blvd-Colorado-Springs-CO/27500579/,"Colorado Springs, CO 80920",0.93," $1,052,683.18 ",Commercial Lots,
2450 Curtis St,https://www.loopnet.com/Listing/2450-Curtis-St-Denver-CO/34878162/,"Denver, CO 80205",0.93," $1,930,000.00 ",Commercial Lot,
1120 Alpine Ave,https://www.loopnet.com/Listing/1120-1130-Alpine-Ave-Boulder-CO/39852837/,"Boulder, CO 80304",0.93," $8,000,000.00 ",Commercial Lot,
12045 S Parker Rd,https://www.loopnet.com/Listing/12045-S-Parker-Rd-Parker-CO/18251994/,"Parker, CO 80134",0.94," $1,000,000.00 ",Commercial Lot,
19801 E Mainstreet,https://www.loopnet.com/Listing/19801-E-Mainstreet-Parker-CO/31023396/,"Parker, CO 80138",0.94," $1,059,159.44 ",Commercial Lot,
12353 E 104th Pl,https://www.loopnet.com/Listing/12353-E-104th-Pl-Commerce-City-CO/39324469/,"Commerce City, CO 80022",0.95," $580,000.00 ",Commercial Lot,
1801 W Union Ave,https://www.loopnet.com/Listing/1801-W-Union-Ave-Englewood-CO/39250756/,"Englewood, CO 80110",0.95," $912,839.45 ",Commercial Lot,
1847 61st Ave,https://www.loopnet.com/Listing/1847-61st-Ave-Greeley-CO/37168060/,"Greeley, CO 80634",0.96," $250,000.00 ",Commercial Lot,
6375 Lookout Rd,https://www.loopnet.com/Listing/6375-Lookout-Rd-Boulder-CO/35970288/,"Boulder, CO 80301",0.96," $1,260,000.00 ",Commercial Lot,
469 S Martin St,https://www.loopnet.com/Listing/469-S-Martin-St-Longmont-CO/30284924/,"Longmont, CO 80501",0.98," $1,085,064.48 ",Commercial Lot,
6523 S Parker Rd,https://www.loopnet.com/Listing/6523-S-Parker-Rd-Aurora-CO/36302574/,"Aurora, CO 80016",0.99," $924,128.69 ",Commercial Lot,
7269 Bandley Rd,https://www.loopnet.com/Listing/7269-Bandley-Rd-Fountain-CO/6423884/,"Fountain, CO 80817",1," $653,400.00 ",Commercial Lots,
3311 Ideal Drive Dr,https://www.loopnet.com/Listing/3311-Ideal-Drive-Dr-Frederick-CO/35744244/,"Frederick, CO 80516",1," $949,000.00 ",Commercial Lot,
2121 Main Street St,https://www.loopnet.com/Listing/2121-Main-Street-St-Longmont-CO/38312218/,"Longmont, CO 80501",1," $1,098,017.00 ",Commercial Lot,
12015 Irma Dr,https://www.loopnet.com/Listing/12015-Irma-Dr-Northglenn-CO/34662093/,"Northglenn, CO 80241",1," $1,098,017.00 ",Commercial Lot,
6683 Crossroads Blvd,https://www.loopnet.com/Listing/6683-Crossroads-Blvd-Windsor-CO/21654107/,"Windsor, CO 80550",1," $1,098,017.00 ",Commercial Lots,
12325 Pine Bluffs Way,https://www.loopnet.com/Listing/12325-Pine-Bluffs-Way-Parker-CO/37153058/,"Parker, CO 80134",1," $1,100,000.00 ",Commercial Lot,
4084 Wadsworth Blvd,https://www.loopnet.com/Listing/4084-Wadsworth-Blvd-Wheat-Ridge-CO/36950718/,"Wheat Ridge, CO 80033",1.01," $929,773.31 ",Commercial Lot,
"128, 144, & 154 Mountain Ave",https://www.loopnet.com/Listing/128-144-154-Mountain-Ave/39730151/,"Berthoud, CO",1.01," $1,104,493.26 ",Land Properties,
TBD Sculptor Dr,https://www.loopnet.com/Listing/TBD-Sculptor-Dr-Loveland-CO/23977644/,"Loveland, CO 80537",1.01," $1,104,493.26 ",Commercial Lot,
740 Champion Dr,https://www.loopnet.com/Listing/740-Champion-Dr-Windsor-CO/34800727/,"Windsor, CO 80550",1.01," $1,104,493.26 ",Commercial Lot,
2120 University Park Blvd,https://www.loopnet.com/Listing/2120-University-Park-Blvd-Colorado-Springs-CO/27680798/,"Colorado Springs, CO 80918",1.02," $295,000.00 ",Commercial Lot,
7029 S Kenton St,https://www.loopnet.com/Listing/7029-S-Kenton-St-Centennial-CO/6542017/,"Centennial, CO 80112",1.02," $710,896.00 ",Commercial Lot,
104th Ave,https://www.loopnet.com/Listing/104th-Ave-Commerce-City-CO/24131525/,"Commerce City, CO 80022",1.06," $692,509.00 ",Commercial Lot,
7740 Adventure Way,https://www.loopnet.com/Listing/7740-Adventure-Way-Colorado-Springs-CO/32892601/,"Colorado Springs, CO 80923",1.06," $844,000.00 ",Commercial Lot,
2850 S Prairie Ave,https://www.loopnet.com/Listing/2850-S-Prairie-Ave-Pueblo-CO/37721936/,"Pueblo, CO 81005",1.09," $575,000.00 ",Commercial Lot,
I-70 & Chambers Rd,https://www.loopnet.com/Listing/I-70-Chambers-Rd-Aurora-CO/33827595/,"Aurora, CO 80011",1.1," $955,174.10 ",Commercial Lot,
Colfax Ave & Airport Blvd,https://www.loopnet.com/Listing/Colfax-Ave-Airport-Blvd-Aurora-CO/24946845/,"Aurora, CO 80011",1.1," $955,174.10 ",Industrial Lot,
9620 Federal Blvd,https://www.loopnet.com/Listing/9620-Federal-Blvd-Denver-CO/19104965/,"Denver, CO 80260",1.1," $1,200,000.00 ",Commercial Lot,
15255 E 38th Ave,https://www.loopnet.com/Listing/15255-E-38th-Ave-Aurora-CO/3841714/,"Aurora, CO 80011",1.11," $957,996.41 ",Commercial Lot,
5107 Emerson St,https://www.loopnet.com/Listing/5107-5135-Emerson-Denver-CO/33287990/,"Denver, CO 80216",1.11," $4,599,000.00 ",Commercial Lot,
2980 W 60th Ave,https://www.loopnet.com/Listing/2980-W-60th-Ave-Denver-CO/12107088/,"Denver, CO 80221",1.14," $900,000.00 ",Commercial Lot,
13800 Ash Cir,https://www.loopnet.com/Listing/13800-Ash-Cir-Thornton-CO/25414845/,"Thornton, CO 80602",1.15," $500,000.00 ",Commercial Lot,
4858 College Ave,https://www.loopnet.com/Listing/4858-College-Ave-Fort-Collins-CO/30707303/,"Fort Collins, CO 80525",1.15," $925,000.00 ",Commercial Lot,
2431 S Ash St,https://www.loopnet.com/Listing/2431-2459-S-Ash-St-Denver-CO/37865876/,"Denver, CO 80222",1.16," $2,160,000.00 ",Commercial Lot,
523 Crossing Dr,https://www.loopnet.com/Listing/523-Crossing-Dr-Lafayette-CO/39871733/,"Lafayette, CO 80026",1.17," $609,000.00 ",Commercial Lot,
4265 Santa Fe Dr,https://www.loopnet.com/Listing/4265-Santa-Fe-Dr-Sheridan-CO/30482164/,"Sheridan, CO 80110",1.17," $1,799,000.00 ",Commercial Lot,
7099 S Kenton St,https://www.loopnet.com/Listing/7099-S-Kenton-St-Centennial-CO/6542016/,"Centennial, CO 80112",1.18," $976,600.00 ",Commercial Lot,
2508 Airport Rd,https://www.loopnet.com/Listing/2508-Airport-Rd-Colorado-Springs-CO/7450308/,"Colorado Springs, CO 80910",1.24," $675,000.00 ",Commercial Lot,
6322 Ivanhoe St,https://www.loopnet.com/Listing/6322-Ivanhoe-St-Commerce-City-CO/30497175/,"Commerce City, CO 80022",1.24," $1,500,000.00 ",Commercial Lot,
1181 Space Center dr,https://www.loopnet.com/Listing/1181-Space-Center-dr-Colorado-Springs-CO/35000299/,"Colorado Springs, CO 80915",1.25," $872,336.00 ",Commercial Lot,
8850 Huron St,https://www.loopnet.com/Listing/8850-Huron-St-Thornton-CO/33061072/,"Thornton, CO 80260",1.26," $349,000.00 ",Commercial Lot,
890 Stout Rd,https://www.loopnet.com/Listing/Voyager-Pkwy-Colorado-Springs-CO/37916829/,"Colorado Springs, CO 80921",1.27," $1,272,876.02 ",Commercial Lots,
NWQ Highway 119 and I-25,https://www.loopnet.com/Listing/NWQ-Highway-119-and-I-25-Firestone-CO/31431092/,"Firestone, CO 80504",1.28," $949,000.00 ",Commercial Lot,
24092 E Prospect Ave,https://www.loopnet.com/Listing/24092-E-Prospect-Ave-Aurora-CO/19746505/,"Aurora, CO 80016",1.29," $1,011,456.00 ",Commercial Lot,
18901 E 144th Ave,https://www.loopnet.com/Listing/18901-E-144th-Ave-Brighton-CO/26311449/,"Brighton, CO 80603",1.3," $1,292,304.80 ",Commercial Lots,
2225 E 104th Ave,https://www.loopnet.com/Listing/2225-E-104th-Ave-Northglenn-CO/21412620/,"Northglenn, CO 80233",1.31," $3,200,000.00 ",Industrial Lot,
9914 W Quincy Ave,https://www.loopnet.com/Listing/9914-W-Quincy-Ave-Littleton-CO/36111983/,"Littleton, CO 80123",1.32," $1,017,264.92 ",Commercial Lot,
1380 Dry Creek Dr,https://www.loopnet.com/Listing/1380-Dry-Creek-Dr-Longmont-CO/27087953/,"Longmont, CO 80503",1.35," $3,500,000.00 ",Commercial Lot,
7535 Mulberry Wood,https://www.loopnet.com/Listing/7535-Mulberry-Wood-Colorado-Springs-CO/27974930/,"Colorado Springs, CO 80908",1.36," $1,050,000.00 ",Commercial Lot,
3485 W 72nd Ave,https://www.loopnet.com/Listing/3485-W-72nd-Ave-Westminster-CO/35100265/,"Westminster, CO 80030",1.38," $1,250,000.00 ",Commercial Lot,
1377 Sculptor Dr,https://www.loopnet.com/Listing/1377-Sculptor-Dr-Loveland-CO/23977609/,"Loveland, CO 80537",1.38," $1,344,114.88 ",Commercial Lot,
4237 McWhinney Blvd,https://www.loopnet.com/Listing/4237-McWhinney-Blvd-Loveland-CO/23974785/,"Loveland, CO 80538",1.38," $1,344,114.88 ",Commercial Lots,
Mainstreet & Jordan Rd,https://www.loopnet.com/Listing/Mainstreet-Jordan-Rd-Parker-CO/25128526/,"Parker, CO 80134",1.39," $1,350,591.14 ",Commercial Lots,
4231 42nd Ave,https://www.loopnet.com/Listing/Centerplace-Dr-Greeley-CO/21352202/,"Greeley, CO 80634",1.4," $1,357,067.40 ",Commercial Lot,
Chambers & E-470 Retail,https://www.loopnet.com/Listing/Chambers-E-470-Retail-Parker-CO/16914574/,"Parker, CO 80134",1.41," $1,363,543.66 ",Commercial Lots,
13987 Foster ct,https://www.loopnet.com/Listing/13987-Foster-ct-Longmont-CO/34579366/,"Longmont, CO 80504",1.42," $1,370,019.92 ",Commercial Lot,
765 Aspen Ridge Drive Dr,https://www.loopnet.com/Listing/765-Aspen-Ridge-Drive-Dr-Lafayette-CO/32931931/,"Lafayette, CO 80026",1.43," $556,000.00 ",Commercial Lot,
11905 6th Avenue,https://www.loopnet.com/Listing/11905-6th-Avenue-Lakewood-CO/32792253/,"Lakewood, CO 80401",1.43," $2,400,000.00 ",Commercial Lot,
McIntyre St & W 3rd Place,https://www.loopnet.com/Listing/McIntyre-St-W-3rd-Place-Golden-CO/32392146/,"Golden, CO 80401",1.47," $1,025,000.00 ",Industrial Lot,
SEC Northwest Parkway & Via Varra,https://www.loopnet.com/Listing/SEC-Northwest-Parkway-Via-Varra-Broomfield-CO/38393099/,"Broomfield, CO 80020",1.55," $1,454,211.30 ",Commercial Lot,
2115 Apex Drive,https://www.loopnet.com/Listing/Apex-Drive-Windsor-CO/33598205/,"Windsor, CO 80550",1.58," $4,649,196.00 ",Commercial Lots,
4660 N Nevada Ave,https://www.loopnet.com/Listing/4660-N-Nevada-Ave-Colorado-Springs-CO/38660004/,"Colorado Springs, CO 80918",1.61," $1,493,068.86 ",Commercial Lot,
ENT Parkway & Federal Dr,https://www.loopnet.com/Listing/ENT-Parkway-Federal-Dr-Colorado-Springs-CO/32878482/,"Colorado Springs, CO 80921",1.62," $1,050,000.00 ",Commercial Lot,
6428 E Crossroads Blvd,https://www.loopnet.com/Listing/6428-E-Crossroads-Blvd-Loveland-CO/33599069/,"Loveland, CO 80538",1.62," $1,550,208.00 ",Commercial Lots,
15490 E 120th Ave,https://www.loopnet.com/Listing/15490-E-120th-Ave-Commerce-City-CO/34578476/,"Commerce City, CO 80022",1.65," $1,110,401.15 ",Commercial Lot,
150 S Potomac St,https://www.loopnet.com/Listing/150-S-Potomac-St-Aurora-CO/31718288/,"Aurora, CO 80012",1.69," $1,121,690.39 ",Commercial Lot,
8770 Yosemite St,https://www.loopnet.com/Listing/8770-Yosemite-St-Commerce-City-CO/35507036/,"Commerce City, CO 80022",1.71," $1,100,000.00 ",Commercial Lot,
NWC Centennial Dr,https://www.loopnet.com/Listing/NWC-Centennial-Dr-Johnstown-CO/25065902/,"Johnstown, CO 80534",1.74," $911,624.00 ",Commercial Lot,
6109 W 48th Ave,https://www.loopnet.com/Listing/6109-W-48th-Ave-Wheat-Ridge-CO/32583003/,"Wheat Ridge, CO 80033",1.76," $1,141,446.56 ",Commercial Lot,
14061 63rd pl,https://www.loopnet.com/Listing/14061-63rd-pl-Arvada-CO/33466702/,"Arvada, CO 80004",1.77," $1,155,435.00 ",Commercial Lot,
NWC E-470 & Parker Rd Rd,https://www.loopnet.com/Listing/NWC-E-470-Parker-Rd-Rd-Parker-CO/30755480/,"Parker, CO 80138",1.79," $1,953,666.00 ",Commercial Lot,
691 S Arthur Ave,https://www.loopnet.com/Listing/691-S-Arthur-Ave-Louisville-CO/28363665/,"Louisville, CO 80027",1.82," $770,000.00 ",Industrial Lot,
I-25 And Castle Pines Parkway,https://www.loopnet.com/Listing/I-25-And-Castle-Pines-Parkway-Castle-Rock-CO/32045010/,"Castle Rock, CO 80108",1.89," $2,000,000.00 ",Commercial Lot,
980 Dublin Blvd,https://www.loopnet.com/Listing/980-Dublin-Blvd-Colorado-Springs-CO/29511878/,"Colorado Springs, CO 80918",1.91," $1,687,356.66 ",Commercial Lot,
I-25 & 136th Ave,https://www.loopnet.com/Listing/I-25-136th-Ave-Thornton-CO/26909199/,"Thornton, CO 80234",1.98," $1,203,537.38 ",Commercial Lots,
376 Midden Pl,https://www.loopnet.com/Listing/Front-St-Castle-Rock-CO/14683134/,"Castle Rock, CO 80104",1.98," $1,732,690.48 ",Commercial Lot,
5480 Montana Vista Way,https://www.loopnet.com/Listing/5480-Montana-Vista-Way-Castle-Rock-CO/31324562/,"Castle Rock, CO 80108",2," $1,745,643.00 ",Commercial Lots,
10485 Iron Star Pt,https://www.loopnet.com/Listing/TBD-Old-Ranch-Pad-Sites-Colorado-Springs-CO/32159845/,"Colorado Springs, CO 80908",2," $1,745,643.00 ",Commercial Lot,
10012 N 119th St,https://www.loopnet.com/Listing/10012-N-119th-St-Longmont-CO/39627038/,"Longmont, CO 80501",2," $1,745,643.00 ",Commercial Lots,
Powers Blvd & Palmer Park Blvd,https://www.loopnet.com/Listing/Powers-Blvd-Colorado-Springs-CO/34425779/,"Colorado Springs, CO 80915",2," $3,668,562.00 ",Commercial Lots,
E Harmony & Lady Moon Dr,https://www.loopnet.com/Listing/E-Harmony-Lady-Moon-Dr-Fort-Collins-CO/11217719/,"Fort Collins, CO 80528",2.2," $1,054,007.00 ",Commercial Lot,
1510 Garden of the Gods Rd,https://www.loopnet.com/Listing/1510-Garden-of-the-Gods-Rd-Colorado-Springs-CO/31867601/,"Colorado Springs, CO 80907",2.2," $1,916,640.00 ",Commercial Lot,
9355 Park Meadows Dr,https://www.loopnet.com/Listing/9355-Park-Meadows-Dr-Lone-Tree-CO/38517037/,"Lone Tree, CO 80124",2.22," $1,271,272.82 ",Commercial Lots,
4578 Central Park Blvd,https://www.loopnet.com/Listing/4578-Central-Park-Blvd-Denver-CO/35747069/,"Denver, CO 80238",2.24," $3,240,000.00 ",Commercial Lot,
81st Ave & Tower Rd,https://www.loopnet.com/Listing/Tower-Rd-Commerce-City-CO/26137040/,"Commerce City, CO 80022",2.27," $1,285,384.37 ",Commercial Lot,
SWC Highway 72 & Indiana St,https://www.loopnet.com/Listing/SWC-Highway-72-Indiana-St-Arvada-CO/31355545/,"Arvada, CO 80007",2.32," $895,000.00 ",Commercial Lot,
9376 Grand Cordera Pky,https://www.loopnet.com/Listing/9376-Grand-Cordera-Pky-Colorado-Springs-CO/26773287/,"Colorado Springs, CO 80924",2.4," $1,986,336.00 ",Commercial Lot,
18653 E 57th Ave,https://www.loopnet.com/Listing/18653-E-57th-Ave-Denver-CO/38669354/,"Denver, CO 80249",2.47," $3,470,000.00 ",Commercial Lot,
10485 Iron Star Pt,https://www.loopnet.com/Listing/TBD-Crane-Ridge-Drive-Pueblo-CO/31539445/,"Pueblo, CO 81008",2.5," $414,400.00 ",Commercial Lots,
22020 E Atlantic Pl,https://www.loopnet.com/Listing/22020-E-Atlantic-Pl-Aurora-CO/25672797/,"Aurora, CO 80018",2.5," $1,350,297.50 ",Commercial Lots,
Castle Meadows & Plum Creek Pky,https://www.loopnet.com/Listing/Castle-Meadows-Plum-Creek-Pky-Castle-Rock-CO/39660998/,"Castle Rock, CO 80104",2.5," $2,069,456.00 ",Commercial Lots,
NEC I-25 & Prospect Rd,https://www.loopnet.com/Listing/NEC-I-25-Prospect-Rd-Fort-Collins-CO/25135704/,"Fort Collins, CO 80525",2.5," $2,069,456.00 ",Commercial Lots,
6825 S County Road 5,https://www.loopnet.com/Listing/6825-S-County-Road-5-Fort-Collins-CO/12397349/,"Fort Collins, CO 80528",2.5," $2,069,456.00 ",Commercial Lots,
Highway 34 Business & 83rd Avenue,https://www.loopnet.com/Listing/Highway-34-Business-83rd-Avenue-Greeley-CO/27017249/,"Greeley, CO 80634",2.5," $2,069,456.00 ",Commercial Lots,
Hwy 34 & Promontory Pkwy,https://www.loopnet.com/Listing/Hwy-34-Promontory-Pkwy-Greeley-CO/26528860/,"Greeley, CO 80634",2.5," $2,069,456.00 ",Commercial Lots,
15854 Jackson Creek Pky,https://www.loopnet.com/Listing/15854-16086-Jackson-Creek-Pky-Monument-CO/24968656/,"Monument, CO 80132",2.5," $2,069,456.00 ",Commercial Lots,
Hwy 66 & County Road 19,https://www.loopnet.com/Listing/TBD-Saginor-Ln-Platteville-CO/39308580/,"Platteville, CO 80651",2.5," $2,069,456.00 ",Commercial Lots,
6770 Innovate Pl,https://www.loopnet.com/Listing/Harmony-Rd-Timnath-CO/21109276/,"Timnath, CO 80547",2.5," $2,069,456.00 ",Commercial Lots,
900 Southgate Drive,https://www.loopnet.com/Listing/900-Southgate-Drive-Windsor-CO/33596527/,"Windsor, CO 80550",2.5," $2,069,456.00 ",Commercial Lots,
