Fleet_Name,DOT Number,City,State,Drivers,Trucks,Address,Category 
CITY OF ARVADA,534567,ARVADA,CO,127,100,"6161 Olde Wadsworth Blvd, Arvada, CO 80003",Public Works 
WAGNER EQUIPMENT CO,408425,AURORA,CO,423,423,"18000 SMITH ROAD AURORA, CO 80011",Construction Material and Equipment
CHERRY CREEK SCHOOLS,930824,AURORA,CO,414,352,"25001 E BELLEVIEW AVE AURORA, CO 80016",School Transit
CITY OF AURORA,530739,AURORA,CO,299,271,"13625 E ELLSWORTH AVE, AURORA, CO 80012",Public Works
METCO LANDSCAPING INC,1090341,AURORA,CO,234,226,"2200 RIFLE ST AURORA, CO 80011",Landscape and Groundskeeping
SHAMROCK FOODS COMPANY,132048,AURORA,CO,314,214,"22000 E 38TH AVENUE AURORA, CO 80011",Refrigerated Transit
AURORA PUBLIC SCHOOLS,903736,AURORA,CO,142,127,"90 AIRPORT BLVD AURORA, CO 80011",School Transit
VIA MOBILITY SERVICES,1166745,BOULDER,CO,224,196,"2855 N 63RD STREET BOULDER, CO 80301",Rental Services
CU,364146,BOULDER,CO,223,173,"3205 MARINE STREET BOULDER, CO 80303",Public Transit
BOULDER VALLEY SCHOOL DISTRICT RE-2,930850,BOULDER,CO,120,134,"1951 63RD ST BOULDER, CO 80301",School Transit
VIA MOBILITY SERVICES,1166745,BOULDER,CO,200,116,"2855 63rd St, Boulder, CO 80301",Public Transit
G&Z TRANSPORT LLC,2184839,BRIGHTON,CO,140,147,"467 IDA STREET BRIGHTON, CO 80603","Oil, Gas and Utility Services"
SIM TRUCKING INC,2826416,BRIGHTON,CO,100,120,"10990 E 161 AVE, BRIGHTON, CO 80602",Hauling
BALIC TRANSPORT INC,2505109,BRIGHTON,CO,120,120,"10151 E 107TH PLACE, BRIGHTON, CO 80601",Hauling
GREAT SOUTHWESTERN CONSTRUCTION INC,290775,CASTLE ROCK,CO,252,280,"1100 TOPEKA WAY CASTLE ROCK, CO 80104",Landscape and Groundskeeping
TOWN OF CASTLE ROCK ,903786,CASTLE ROCK,CO,82,109,"4175 Castleton Ct, Castle Rock, CO 80109",Public Works 
ORICA USA INC,653559,CENTENNIAL,CO,172,215,"9155 E NICHOLS AVENUE SUITE 400 CENTENNIAL, CO 80112",Hauling
IHC SCOTT INC,188743,CENTENNIAL,CO,75,214,"7135 SOUTH TUCSON WAY CENTENNIAL, CO 80155",Hauling
TERRACARE ASSOCIATES LLC,1880850,CENTENNIAL,CO,733,156,"15603 EAST FREMONT DR STE B CENTENNIAL, CO 80112",Public Works
CITY OF COLORADO SPRINGS,1015079,COLORADO SPRINGS,CO,213,326,"404 W FONTANERO ST COLORADO SPRINGS, CO 80907",Public Works
VECTRUS SYSTEMS CORPORATION,2545646,COLORADO SPRINGS,CO,121,185,"2424 GARDEN OF THE GODS ROAD, COLORADO SPRINGS, CO 80919",Hauling
MOUNTAIN METROPOLITAN TRANSIT,1030051,COLORADO SPRINGS,CO,150,144,"1015 TRANSIT DR COLORADO SPRINGS, CO 80903",Public Transit
GOODWILL OF COLORADO,733591,COLORADO SPRINGS,CO,64,134,"1460 GARDEN OF THE GODS ROAD COLORADO SPRINGS, CO 80907",Hauling
COLORADO SPRINGS SCHOOL DISTRICT 11,1026668,COLORADO SPRINGS,CO,120,130,"5240 GEIGER BLVD, COLORADO SPRINGS, CO 80915",School Transit
El PASO COUNTY,1073635,COLORADO SPRINGS,CO,191,112,"3275 Akers Drive, Colorado Springs, CO 80922",Public Works 
UNITED SITE SERVICES OF NEVADA INC,1152783,COMMERCE CITY,CO,234,409,"6015 EAST 58TH AVE COMMERCE CITY, CO 80022",Waste Management Services
OFFEN PETROLEUM LLC,237345,COMMERCE CITY,CO,287,269,"5100 E 78TH AVE COMMERCE CITY, CO 80022",Hauling
UNITED SITE SERVICES OF COLORADO INC,1186625,COMMERCE CITY,CO,90,147,"6015 E 58TH AVE COMMERCE CITY, CO 80022",Waste Management Services
WASTE CONNECTIONS OF COLORADO INC,834420,DENVER,CO,410,486,"5500 FRANKLIN STREET DENVER, CO 80216",Waste Management Services
NAVAJO EXPRESS INC,202381,DENVER,CO,409,309,"1400 WEST 64TH AVENUE DENVER, CO 80221",Refrigerated Transit
CO TRAN LLC,1861011,DENVER,CO,275,275,"3570 EAST 12TH STREET, DENVER, CO 80206",Landscape and Groundskeeping
U S TRANSPORT INC,1331834,DENVER,CO,185,200,"241 W 56TH AVE DENVER, CO 80216",Hauling
COMCAST,1213846,DENVER,CO,175,194,"8000 EAST ILIFF AVENUE DENVER, CO 80231","Oil, Gas and Utility Services"
READY MIX CONCRETE COMPANY,207118,DENVER,CO,191,191,"2500 EAST BRANNAN WAY DENVER, CO 80229-7029",Construction Material and Equipment
WESTERN DISTRIBUTING TRANSPORTATION CORP,145556,DENVER,CO,162,155,"6655 NORTH YORK STREET, DENVER, CO 80229",Refrigerated Transit
COCAL LANDSCAPE SERVICES INC,1175320,DENVER,CO,132,153,"333 E 76TH AVENUE DENVER, CO 80229",Landscape and Groundskeeping
RES,2386701,DENVER,CO,96,149,"1601 19TH STREET STE 400 DENVER, CO 80202",Hauling
EAGLE ROCK DISTRIBUTING COMPANY OF COLORADO LLC,3516546,DENVER,CO,137,148,"1455 E 62ND AVE DENVER, CO 80216-1241",Refrigerated Transit
MPLX G&P,4151788,DENVER,CO,144,144,"1515 ARAPAHOE ST STE 1-600 DENVER, CO 80202-2137","Oil, Gas and Utility Services"
RMS CRANES,927266,DENVER,CO,163,139,"1961 E 64TH AVE DENVER, CO 80229",Hauling
SURESHOT DRILLING LLC ATOZ FIELD SERVICES LLC DRILL TECH LLC PINNACLE DEVELOPMENT INC HDD SPECIALISTS LLC,2598122,DENVER,CO,194,135,"6145 BROADWAY SUITE 40 DENVER, CO 80216","Oil, Gas and Utility Services"
SWINGLE TREE & LANDSCAPE CARE,1087703,DENVER,CO,149,135,"8585 E WARREN AVE DENVER, CO 80231-3315",Landscape and Groundskeeping
CONCRETE EXPRESS INC,735828,DENVER,CO,30,128,"2027 WEST COLFAX AVENUE DENVER, CO 80204",Construction Material and Equipment
SUPERSHUTTLE DENVER,2287974,DENVER,CO,125,125,"7500 EAST 41ST AVENUE DENVER, CO 80216",Public Transit
FARMERS ALL NATURAL,1085905,DENVER,CO,106,121,"350 S PEARL STREET DENVER, CO 80209",Refrigerated Transit
COORS DISTRIBUTING COMPANY MILLER COORS LLC,1018706,DENVER,CO,122,105,"5400 N Pecos Street, Denver, CO 80221",Hauling
AMERICAN FURNITURE WAREHOUSE CO,137781,ENGLEWOOD,CO,608,340,"8820 AMERICAN WAY ENGLEWOOD, CO 80112",Hauling
KEESEN ENTERPRISES INC,1156493,ENGLEWOOD,CO,230,263,"3355 S UMATILLA STREET ENGLEWOOD, CO 80110",Landscape and Groundskeeping
BUCKLEY POWDER CO,7806,ENGLEWOOD,CO,196,217,"42 INVERNESS DRIVE EAST ENGLEWOOD, CO 80112",Hauling
CH2M OMI CH2MHILL JACOBS,467570,ENGLEWOOD,CO,668,183,"9193 SOUTH JAMAICA STREET, ENGLEWOOD, CO 80155-6607",Construction Material and Equipment
QUALITY LOGISTICS INC,22520,ENGLEWOOD,CO,130,135,"3340 SOUTH ZUNI STREET ENGLEWOOD, CO 80110",Hauling
PROCAM SERVICES ,2831346,ENGLEWOOD,CO,75,101,"1725 W Yale Ave, Englewood, CO 80110",Construction Material and Equipment
NOVUS AG LLC,2440782,FORT COLLINS,CO,275,444,"3420 EAST HARMONY ROAD SUITE 122 FORT COLLINS, CO 80528",Hauling
CITY OF FORT COLLINS,412431,FORT COLLINS,CO,486,285,"215 N MASON STREET - SRM FORT COLLINS, CO 80524",Public Works
Poudre School District ,1078647,FORT COLLINS,CO,630,243,"2407 WEST LAPORTE AVENUE FORT COLLINS, CO 80521",School Transit
HOLCIM WCR INC,420480,GOLDEN,CO,237,298,"1687 COLE BLVD GOLDEN, CO 80401",Construction Material and Equipment
ENIVIRONMENTAL LANDWORKS COMPANY INC,1778292,GOLDEN,CO,110,115,"17173 Mt Vernon Rodd, Golden, CO 80401",Construction Material and Equipment
WELD COUNTY PUBLIC WORKS DEPARTMENT,927276,GREELEY,CO,172,145,"1111 H ST GREELEY, CO 80632-0758",Public Works
GLOBAL TRANSPORTATION LLC,2439316,GREENWOOD VILLAGE,CO,497,442,"6312 S FIDDLERS GREEN CIRCLE, STE 300E GREENWOOD VILLAGE, CO 80111",Hauling
WHEEL PROS LLC,1192899,GREENWOOD VILLAGE,CO,377,182,"5347 S VALENTIA WAY STE 200 GREENWOOD VILL, CO 80111",Hauling
HBSCO DANS TRASH AT YOUR DISPOSAL,2974292,GREENWOOD VILLAGE,CO,90,110,"9250 E COSTILLA AVE SUITE 310 GREENWOOD VILLAGE, CO 80112",Waste Management Services
CITY LIGHT AND POWER INC,2300012,GREENWOOD VILLAGE,CO,181,121,"4582 S Ulster Street, Denver, CO 80237","Oil, Gas and Utility Services"
ENVIRONMENTAL DESIGNS LLC,1232825,HENDERSON,CO,165,156,"12511 E 112TH AVE HENDERSON, CO 80640",Landscape and Groundskeeping
BURNCO COLORADO LLC,899792,HENDERSON,CO,174,146,"10100 DALLAS STREET HENDERSON, CO 80640",Construction Material and Equipment
WEST DIRECT OIL,3049403,HENDERSON,CO,86,140,"9052 YOSEMITE ST HENDERSON, CO 80640","Oil, Gas and Utility Services"
ENTERPRISE RENT-A-CAR NATIONAL RENT A CAR ALAMO RENT A CAR,2029087,HIGHLANDS RANCH,CO,90,421,"6828 E COUNTY LINE RD HIGHLANDS RANCH, CO 80126",Rental Services
PACIFIC SHIPPING & TRUCKING CO INC,470014,HIGHLANDS RANCH,CO,126,109,"1805 SHEA CENTER DRIVE SUITE 130 HIGHLANDS RANCH, CO 80129",Hauling
JEFFCO SCHOOLS,1098148,LAKEWOOD,CO,180,274,"809 QUAIL STREET, LAKEWOOD, CO 80215",School Transit
COMPASS VEHICLE RENTAL INC,1244880,LAKEWOOD,CO,100,170,"1480 TELLER SREET, LAKEWOOD, CO 80214",Rental Services
JEFFERSON COUNTY,996210,LAKEWOOD ,CO,175,120,"987 Quail St 931, Lakewood, CO 80215",School Transit
WARD ELECTRIC COMPANY INC,1342035,LONGMONT,CO,320,222,"9586 E I25 FRONTAGE RD STE B LONGMONT, CO 80504","Oil, Gas and Utility Services"
CITY OF LONGMONT,1079380,LONGMONT,CO,261,211,"1100 S SHERMAN ST LONGMONT, CO 80501-6550",Public Works
HEAT WAVES HOT OIL SERVICE LLC,586518,LONGMONT,CO,42,201,"14133 COUNTY ROAD 9 1/2 LONGMONT, CO 80504","Oil, Gas and Utility Services"
SUPREME TRANSPORT INC,912923,LONGMONT,CO,200,183,"7300 MILLER PLACE UNIT B LONGMONT, CO 80504",Hauling
ST VRAIN VALLEY SCHOOL DISTRICT,988392,LONGMONT,CO,135,174,"395 S PRATT PARKWAY LONGMONT, CO 80501",School Transit
LARIMER COUNTY,919952,LOVELAND,CO,196,131,"6994 RICKENBACKER ROAD, LOVELAND, CO 80538",Public Works
LOVELAND MUNICIPALITY,2021878,LOVELAND,CO,115,109,"200 N Wilson Ave, Loveland, CO 80537",Public Works 
ACCELERATED SERVICES LLC,873632,PARKER,CO,330,373,"19201 E LINCOLN AVE PARKER, CO 80138",Hauling
CITY OF THORNTON,1065759,THORNTON,CO,960,208,"9500 CIVIC CENTER DR THORNTON, CO 80229",Public Works
ADAMS 12 FIVE STAR SCHOOLS,1019051,THORNTON,CO,212,182,"1350 EAST 126TH AVENUE THORNTON, CO 80241",School Transit
CITY OF THORNTON,1065759,THORNTON,CO,2000,174,"9500 CIVIC CENTER DR THORNTON, CO 80229",Public Works
TRI-STATE GENERATION & TRANSMISSION ASSOCIATION INC,180139,WESTMINSTER,CO,221,321,"1100 W 116TH AVE WESTMINSTER, CO 80234","Oil, Gas and Utility Services"
GEOSTABILIZATION INTERNATIONAL LLC,1571280,WESTMINSTER,CO,212,155,"10225 WESTMOOR DRIVE, WESTMINSTER, CO 80021",Construction Material and Equipment
ALPINE MILLWORK COMPANY DBA ROCKY MOUNTAIN RELOAD,322477,WESTMINSTER,CO,143,141,"10170 CHURCH RANCH WAY NUMBER 350, WESTMINSTER, CO 80021",Hauling
COLD FRONT,331112,WESTMINSTER,CO,153,121,"7301 FEDERAL BLVD SUITE 200 WESTMINSTER, CO 80030",Refrigerated Transit
SITEWISE LLC,1034971,WHEAT RIDGE,CO,223,145,"4725 INDEPENDENCE STREET STE 100 WHEAT RIDGE, CO 80033","Oil, Gas and Utility Services"
