Fleet_Name,DOT Number,City,State,Drivers,Trucks,Address,Category,Latitude,Longitude,Daily_Demand
CITY OF ARVADA,534567,ARVADA,CO,127,100,"6161 Olde Wadsworth Blvd, Arvada, CO 80003",Public Works ,39.80840933,-105.08229,232.07
WAGNER EQUIPMENT CO,408425,AURORA,CO,423,423,"18000 SMITH ROAD AURORA, CO 80011",Construction Material and Equipment,39.75289477,-104.7757651,3512.19
CHERRY CREEK SCHOOLS,930824,AURORA,CO,414,352,"25001 E BELLEVIEW AVE AURORA, CO 80016",School Transit,39.62380801,-104.69629,1839.97
CITY OF AURORA,530739,AURORA,CO,299,271,"13625 E ELLSWORTH AVE, AURORA, CO 80012",Public Works,39.71720002,-104.831965,628.91
METCO LANDSCAPING INC,1090341,AURORA,CO,234,226,"2200 RIFLE ST AURORA, CO 80011",Landscape and Groundskeeping,39.74971409,-104.7844055,1876.49
SHAMROCK FOODS COMPANY,132048,AURORA,CO,314,214,"22000 E 38TH AVENUE AURORA, CO 80011",Refrigerated Transit,39.76825469,-104.7303859,1998.73
AURORA PUBLIC SCHOOLS,903736,AURORA,CO,142,127,"90 AIRPORT BLVD AURORA, CO 80011",School Transit,39.71730102,-104.790416,663.85
VIA MOBILITY SERVICES,1166745,BOULDER,CO,224,196,"2855 N 63RD STREET BOULDER, CO 80301",Rental Services,40.02754568,-105.2119077,1185.41
CU,364146,BOULDER,CO,223,173,"3205 MARINE STREET BOULDER, CO 80303",Public Transit,40.01402462,-105.2511369,1615.79
BOULDER VALLEY SCHOOL DISTRICT RE-2,930850,BOULDER,CO,120,134,"1951 63RD ST BOULDER, CO 80301",School Transit,40.02088299,-105.2082615,700.44
VIA MOBILITY SERVICES,1166745,BOULDER,CO,200,116,"2855 63rd St, Boulder, CO 80301",Public Transit,40.02754568,-105.2119077,1083.42
G&Z TRANSPORT LLC,2184839,BRIGHTON,CO,140,147,"467 IDA STREET BRIGHTON, CO 80603","Oil, Gas and Utility Services",40.00349955,-104.8173212,698.54
SIM TRUCKING INC,2826416,BRIGHTON,CO,100,120,"10990 E 161 AVE, BRIGHTON, CO 80602",Hauling,39.98758295,-104.859949,996.36
BALIC TRANSPORT INC,2505109,BRIGHTON,CO,120,120,"10151 E 107TH PLACE, BRIGHTON, CO 80601",Hauling,39.89191639,-104.8693339,996.36
GREAT SOUTHWESTERN CONSTRUCTION INC,290775,CASTLE ROCK,CO,252,280,"1100 TOPEKA WAY CASTLE ROCK, CO 80104",Landscape and Groundskeeping,39.37272659,-104.8739793,2324.85
TOWN OF CASTLE ROCK ,903786,CASTLE ROCK,CO,82,109,"4175 Castleton Ct, Castle Rock, CO 80109",Public Works ,39.40370485,-104.8673579,252.96
ORICA USA INC,653559,CENTENNIAL,CO,172,215,"9155 E NICHOLS AVENUE SUITE 400 CENTENNIAL, CO 80112",Hauling,39.572594,-104.881968,1785.15
IHC SCOTT INC,188743,CENTENNIAL,CO,75,214,"7135 SOUTH TUCSON WAY CENTENNIAL, CO 80155",Hauling,39.58698799,-104.836228,1776.85
TERRACARE ASSOCIATES LLC,1880850,CENTENNIAL,CO,733,156,"15603 EAST FREMONT DR STE B CENTENNIAL, CO 80112",Public Works,39.58608295,-104.8074866,362.03
CITY OF COLORADO SPRINGS,1015079,COLORADO SPRINGS,CO,213,326,"404 W FONTANERO ST COLORADO SPRINGS, CO 80907",Public Works,38.86217498,-104.83194,756.55
VECTRUS SYSTEMS CORPORATION,2545646,COLORADO SPRINGS,CO,121,185,"2424 GARDEN OF THE GODS ROAD, COLORADO SPRINGS, CO 80919",Hauling,38.90082498,-104.873789,1536.06
MOUNTAIN METROPOLITAN TRANSIT,1030051,COLORADO SPRINGS,CO,150,144,"1015 TRANSIT DR COLORADO SPRINGS, CO 80903",Public Transit,38.81875002,-104.804983,1344.94
GOODWILL OF COLORADO,733591,COLORADO SPRINGS,CO,64,134,"1460 GARDEN OF THE GODS ROAD COLORADO SPRINGS, CO 80907",Hauling,38.89854599,-104.853875,1112.61
COLORADO SPRINGS SCHOOL DISTRICT 11,1026668,COLORADO SPRINGS,CO,120,130,"5240 GEIGER BLVD, COLORADO SPRINGS, CO 80915",School Transit,38.84471799,-104.731102,679.54
El PASO COUNTY,1073635,COLORADO SPRINGS,CO,191,112,"3275 Akers Drive, Colorado Springs, CO 80922",Public Works ,38.88078398,-104.687519,259.92
UNITED SITE SERVICES OF NEVADA INC,1152783,COMMERCE CITY,CO,234,409,"6015 EAST 58TH AVE COMMERCE CITY, CO 80022",Waste Management Services,39.80241204,-104.9186707,2650.32
OFFEN PETROLEUM LLC,237345,COMMERCE CITY,CO,287,269,"5100 E 78TH AVE COMMERCE CITY, CO 80022",Hauling,39.83761544,-104.9283495,2233.52
UNITED SITE SERVICES OF COLORADO INC,1186625,COMMERCE CITY,CO,90,147,"6015 E 58TH AVE COMMERCE CITY, CO 80022",Waste Management Services,39.80241204,-104.9186707,952.56
WASTE CONNECTIONS OF COLORADO INC,834420,DENVER,CO,410,486,"5500 FRANKLIN STREET DENVER, CO 80216",Waste Management Services,39.79637384,-104.9677971,3149.28
NAVAJO EXPRESS INC,202381,DENVER,CO,409,309,"1400 WEST 64TH AVENUE DENVER, CO 80221",Refrigerated Transit,39.81220432,-105.0037169,2886.01
CO TRAN LLC,1861011,DENVER,CO,275,275,"3570 EAST 12TH STREET, DENVER, CO 80206",Landscape and Groundskeeping,39.73497611,-104.9454289,2283.34
U S TRANSPORT INC,1331834,DENVER,CO,185,200,"241 W 56TH AVE DENVER, CO 80216",Hauling,39.79872362,-104.990488,1660.61
COMCAST,1213846,DENVER,CO,175,194,"8000 EAST ILIFF AVENUE DENVER, CO 80231","Oil, Gas and Utility Services",39.673881,-104.895092,921.89
READY MIX CONCRETE COMPANY,207118,DENVER,CO,191,191,"2500 EAST BRANNAN WAY DENVER, CO 80229-7029",Construction Material and Equipment,39.82824003,-104.9558647,1585.88
WESTERN DISTRIBUTING TRANSPORTATION CORP,145556,DENVER,CO,162,155,"6655 NORTH YORK STREET, DENVER, CO 80229",Refrigerated Transit,39.81758471,-104.9602619,1447.68
COCAL LANDSCAPE SERVICES INC,1175320,DENVER,CO,132,153,"333 E 76TH AVENUE DENVER, CO 80229",Landscape and Groundskeeping,39.83507053,-104.9827705,1270.37
RES,2386701,DENVER,CO,96,149,"1601 19TH STREET STE 400 DENVER, CO 80202",Hauling,39.75448746,-104.9966104,1237.15
EAGLE ROCK DISTRIBUTING COMPANY OF COLORADO LLC,3516546,DENVER,CO,137,148,"1455 E 62ND AVE DENVER, CO 80216-1241",Refrigerated Transit,39.80959529,-104.9695372,1382.3
MPLX G&P,4151788,DENVER,CO,144,144,"1515 ARAPAHOE ST STE 1-600 DENVER, CO 80202-2137","Oil, Gas and Utility Services",39.74762586,-104.9971883,684.29
RMS CRANES,927266,DENVER,CO,163,139,"1961 E 64TH AVE DENVER, CO 80229",Hauling,39.81453038,-104.9631376,1154.12
SURESHOT DRILLING LLC ATOZ FIELD SERVICES LLC DRILL TECH LLC PINNACLE DEVELOPMENT INC HDD SPECIALISTS LLC,2598122,DENVER,CO,194,135,"6145 BROADWAY SUITE 40 DENVER, CO 80216","Oil, Gas and Utility Services",39.80770978,-104.9881977,641.52
SWINGLE TREE & LANDSCAPE CARE,1087703,DENVER,CO,149,135,"8585 E WARREN AVE DENVER, CO 80231-3315",Landscape and Groundskeeping,39.67694702,-104.88829,1120.91
CONCRETE EXPRESS INC,735828,DENVER,CO,30,128,"2027 WEST COLFAX AVENUE DENVER, CO 80204",Construction Material and Equipment,39.73980655,-105.0166304,1062.79
SUPERSHUTTLE DENVER,2287974,DENVER,CO,125,125,"7500 EAST 41ST AVENUE DENVER, CO 80216",Public Transit,39.77438895,-104.9006763,1167.48
FARMERS ALL NATURAL,1085905,DENVER,CO,106,121,"350 S PEARL STREET DENVER, CO 80209",Refrigerated Transit,39.71002201,-104.9800746,1130.12
COORS DISTRIBUTING COMPANY MILLER COORS LLC,1018706,DENVER,CO,122,105,"5400 N Pecos Street, Denver, CO 80221",Hauling,39.79556046,-105.0048089,871.82
AMERICAN FURNITURE WAREHOUSE CO,137781,ENGLEWOOD,CO,608,340,"8820 AMERICAN WAY ENGLEWOOD, CO 80112",Hauling,39.55890627,-104.824032,2823.03
KEESEN ENTERPRISES INC,1156493,ENGLEWOOD,CO,230,263,"3355 S UMATILLA STREET ENGLEWOOD, CO 80110",Landscape and Groundskeeping,39.65547698,-105.012188,2183.7
BUCKLEY POWDER CO,7806,ENGLEWOOD,CO,196,217,"42 INVERNESS DRIVE EAST ENGLEWOOD, CO 80112",Hauling,39.57325298,-104.856756,1801.76
CH2M OMI CH2MHILL JACOBS,467570,ENGLEWOOD,CO,668,183,"9193 SOUTH JAMAICA STREET, ENGLEWOOD, CO 80155-6607",Construction Material and Equipment,39.54841636,-104.8671907,1519.46
QUALITY LOGISTICS INC,22520,ENGLEWOOD,CO,130,135,"3340 SOUTH ZUNI STREET ENGLEWOOD, CO 80110",Hauling,39.65672995,-105.0146176,1120.91
PROCAM SERVICES ,2831346,ENGLEWOOD,CO,75,101,"1725 W Yale Ave, Englewood, CO 80110",Construction Material and Equipment,39.66797599,-105.00801,838.61
NOVUS AG LLC,2440782,FORT COLLINS,CO,275,444,"3420 EAST HARMONY ROAD SUITE 122 FORT COLLINS, CO 80528",Hauling,40.52775847,-105.013679,3686.55
CITY OF FORT COLLINS,412431,FORT COLLINS,CO,486,285,"215 N MASON STREET - SRM FORT COLLINS, CO 80524",Public Works,40.58955191,-105.0793972,661.4
Poudre School District ,1078647,FORT COLLINS,CO,630,243,"2407 WEST LAPORTE AVENUE FORT COLLINS, CO 80521",School Transit,40.58899334,-105.1203411,1270.21
HOLCIM WCR INC,420480,GOLDEN,CO,237,298,"1687 COLE BLVD GOLDEN, CO 80401",Construction Material and Equipment,39.74043872,-105.157008,2474.31
ENIVIRONMENTAL LANDWORKS COMPANY INC,1778292,GOLDEN,CO,110,115,"17173 Mt Vernon Rodd, Golden, CO 80401",Construction Material and Equipment,39.72855779,-105.1921193,954.85
WELD COUNTY PUBLIC WORKS DEPARTMENT,927276,GREELEY,CO,172,145,"1111 H ST GREELEY, CO 80632-0758",Public Works,40.44649248,-104.7017435,336.5
GLOBAL TRANSPORTATION LLC,2439316,GREENWOOD VILLAGE,CO,497,442,"6312 S FIDDLERS GREEN CIRCLE, STE 300E GREENWOOD VILLAGE, CO 80111",Hauling,39.60327499,-104.893365,3669.94
WHEEL PROS LLC,1192899,GREENWOOD VILLAGE,CO,377,182,"5347 S VALENTIA WAY STE 200 GREENWOOD VILL, CO 80111",Hauling,39.61817399,-104.892859,1511.15
HBSCO DANS TRASH AT YOUR DISPOSAL,2974292,GREENWOOD VILLAGE,CO,90,110,"9250 E COSTILLA AVE SUITE 310 GREENWOOD VILLAGE, CO 80112",Waste Management Services,39.59111398,-104.881499,712.8
CITY LIGHT AND POWER INC,2300012,GREENWOOD VILLAGE,CO,181,121,"4582 S Ulster Street, Denver, CO 80237","Oil, Gas and Utility Services",39.63335073,-104.898617,574.99
ENVIRONMENTAL DESIGNS LLC,1232825,HENDERSON,CO,165,156,"12511 E 112TH AVE HENDERSON, CO 80640",Landscape and Groundskeeping,39.90011678,-104.8429167,1295.27
BURNCO COLORADO LLC,899792,HENDERSON,CO,174,146,"10100 DALLAS STREET HENDERSON, CO 80640",Construction Material and Equipment,39.87975366,-104.8754934,1212.24
WEST DIRECT OIL,3049403,HENDERSON,CO,86,140,"9052 YOSEMITE ST HENDERSON, CO 80640","Oil, Gas and Utility Services",39.86128221,-104.8835683,665.28
ENTERPRISE RENT-A-CAR NATIONAL RENT A CAR ALAMO RENT A CAR,2029087,HIGHLANDS RANCH,CO,90,421,"6828 E COUNTY LINE RD HIGHLANDS RANCH, CO 80126",Rental Services,39.56507241,-104.9116426,2546.21
PACIFIC SHIPPING & TRUCKING CO INC,470014,HIGHLANDS RANCH,CO,126,109,"1805 SHEA CENTER DRIVE SUITE 130 HIGHLANDS RANCH, CO 80129",Hauling,39.55406697,-105.010492,905.03
JEFFCO SCHOOLS,1098148,LAKEWOOD,CO,180,274,"809 QUAIL STREET, LAKEWOOD, CO 80215",School Transit,39.72990908,-105.1245069,1432.25
COMPASS VEHICLE RENTAL INC,1244880,LAKEWOOD,CO,100,170,"1480 TELLER SREET, LAKEWOOD, CO 80214",Rental Services,39.74039711,-105.0766492,1028.16
JEFFERSON COUNTY,996210,LAKEWOOD ,CO,175,120,"987 Quail St 931, Lakewood, CO 80215",School Transit,39.73232218,-105.1238112,627.26
WARD ELECTRIC COMPANY INC,1342035,LONGMONT,CO,320,222,"9586 E I25 FRONTAGE RD STE B LONGMONT, CO 80504","Oil, Gas and Utility Services",40.14090191,-104.9788522,1054.94
CITY OF LONGMONT,1079380,LONGMONT,CO,261,211,"1100 S SHERMAN ST LONGMONT, CO 80501-6550",Public Works,40.14577695,-105.114135,489.67
HEAT WAVES HOT OIL SERVICE LLC,586518,LONGMONT,CO,42,201,"14133 COUNTY ROAD 9 1/2 LONGMONT, CO 80504","Oil, Gas and Utility Services",40.20643934,-104.9707244,955.15
SUPREME TRANSPORT INC,912923,LONGMONT,CO,200,183,"7300 MILLER PLACE UNIT B LONGMONT, CO 80504",Hauling,40.11478101,-104.9711961,1519.46
ST VRAIN VALLEY SCHOOL DISTRICT,988392,LONGMONT,CO,135,174,"395 S PRATT PARKWAY LONGMONT, CO 80501",School Transit,40.15549384,-105.1077812,909.53
LARIMER COUNTY,919952,LOVELAND,CO,196,131,"6994 RICKENBACKER ROAD, LOVELAND, CO 80538",Public Works,40.46193341,-105.0041545,304.01
LOVELAND MUNICIPALITY,2021878,LOVELAND,CO,115,109,"200 N Wilson Ave, Loveland, CO 80537",Public Works ,40.39494,-105.1136,252.96
ACCELERATED SERVICES LLC,873632,PARKER,CO,330,373,"19201 E LINCOLN AVE PARKER, CO 80138",Hauling,39.53779037,-104.766409,3097.03
CITY OF THORNTON,1065759,THORNTON,CO,960,208,"9500 CIVIC CENTER DR THORNTON, CO 80229",Public Works,39.86960066,-104.9842501,482.71
ADAMS 12 FIVE STAR SCHOOLS,1019051,THORNTON,CO,212,182,"1350 EAST 126TH AVENUE THORNTON, CO 80241",School Transit,39.92412402,-104.970435,951.35
CITY OF THORNTON,1065759,THORNTON,CO,2000,174,"9500 CIVIC CENTER DR THORNTON, CO 80229",Public Works,39.86960066,-104.9842501,403.8
TRI-STATE GENERATION & TRANSMISSION ASSOCIATION INC,180139,WESTMINSTER,CO,221,321,"1100 W 116TH AVE WESTMINSTER, CO 80234","Oil, Gas and Utility Services",39.90642999,-104.9995771,1525.39
GEOSTABILIZATION INTERNATIONAL LLC,1571280,WESTMINSTER,CO,212,155,"10225 WESTMOOR DRIVE, WESTMINSTER, CO 80021",Construction Material and Equipment,39.89945604,-105.1111408,1286.97
ALPINE MILLWORK COMPANY DBA ROCKY MOUNTAIN RELOAD,322477,WESTMINSTER,CO,143,141,"10170 CHURCH RANCH WAY NUMBER 350, WESTMINSTER, CO 80021",Hauling,39.88107138,-105.0739073,1170.73
COLD FRONT,331112,WESTMINSTER,CO,153,121,"7301 FEDERAL BLVD SUITE 200 WESTMINSTER, CO 80030",Refrigerated Transit,39.8283109,-105.0275157,1130.12
SITEWISE LLC,1034971,WHEAT RIDGE,CO,223,145,"4725 INDEPENDENCE STREET STE 100 WHEAT RIDGE, CO 80033","Oil, Gas and Utility Services",39.78257903,-105.1058483,689.04
